{

    "北京市": [116.407526, 39.90403],

    "上海市": [121.473701, 31.230416],

    "天津市": [117.200983, 39.084158],

    "重庆市": [106.551556, 29.563009],

    "香港特别行政区": [114.16546, 22.27534],

    "澳门特别行政区": [113.543028, 22.186835],

    "石家庄市": [114.51486, 38.042307],

    "唐山市": [118.180249, 39.630281],

    "秦皇岛市": [119.520168, 39.888143],

    "邯郸市": [114.53952, 36.626551],

    "邢台市": [114.504844, 37.070598],

    "保定市": [115.464804, 38.873891],

    "张家口市": [114.894337, 40.816297],

    "承德市": [117.962676, 40.956509],

    "沧州市": [116.838831, 38.304477],

    "廊坊市": [116.683752, 39.538047],

    "衡水市": [115.678755, 37.739642],

    "太原市": [112.548879, 37.87059],

    "大同市": [113.300123, 40.076891],

    "阳泉市": [113.580619, 37.856971],

    "长治市": [113.11626, 36.195437],

    "晋城市": [112.852382, 35.497553],

    "朔州市": [112.433226, 39.331295],

    "晋中市": [112.752695, 37.687024],

    "运城市": [111.006996, 35.026281],

    "忻州市": [112.733538, 38.41769],

    "临汾市": [111.519, 36.088005],

    "吕梁市": [111.144319, 37.518423],

    "呼和浩特市": [111.74918, 40.842585],

    "包头市": [109.840405, 40.657417],

    "乌海市": [106.826282, 39.672312],

    "赤峰市": [118.964126, 42.261274],

    "通辽市": [122.256333, 43.653765],

    "鄂尔多斯市": [109.99029, 39.817179],

    "呼伦贝尔市": [119.765812, 49.211634],

    "巴彦淖尔市": [107.387733, 40.74322],

    "乌兰察布市": [113.132585, 40.994786],

    "兴安盟": [122.06551, 46.07778],

    "锡林郭勒盟": [116.051804, 43.933454],

    "阿拉善盟": [105.728959, 38.851994],

    "沈阳市": [123.431474, 41.805698],

    "大连市": [121.614682, 38.914003],

    "鞍山市": [122.994029, 41.108649],

    "抚顺市": [123.957208, 41.880872],

    "本溪市": [123.766136, 41.294074],

    "丹东市": [124.354707, 40.000716],

    "锦州市": [121.127004, 41.09512],

    "营口市": [122.235418, 40.667012],

    "阜新市": [121.670045, 42.02293],

    "辽阳市": [123.174878, 41.273895],

    "盘锦市": [122.070714, 41.119997],

    "铁岭市": [123.843153, 42.28807],

    "朝阳市": [120.450417, 41.573624],

    "葫芦岛市": [120.836932, 40.711052],

    "长春市": [125.323544, 43.817071],

    "吉林市": [126.549572, 43.837883],

    "四平市": [124.350398, 43.16642],

    "辽源市": [125.132418, 42.902692],

    "通化市": [125.939697, 41.728401],

    "白山市": [126.417532, 41.933124],

    "松原市": [124.825118, 45.141989],

    "白城市": [122.838487, 45.619026],

    "延边朝鲜族自治州": [129.518575, 42.899665],

    "哈尔滨市": [126.661669, 45.742347],

    "齐齐哈尔市": [123.918186, 47.354348],

    "鸡西市": [130.969333, 45.295075],

    "鹤岗市": [130.297681, 47.349849],

    "双鸭山市": [131.141467, 46.636402],

    "大庆市": [125.103862, 46.589234],

    "伊春市": [128.882748, 47.724775],

    "佳木斯市": [130.318917, 46.802053],

    "七台河市": [131.00552, 45.771266],

    "牡丹江市": [129.633169, 44.596313],

    "黑河市": [127.526863, 50.24422],

    "绥化市": [126.968887, 46.653845],

    "大兴安岭地区": [124.711526, 52.335262],

    "南京市": [118.796877, 32.060255],

    "无锡市": [120.31191, 31.49117],

    "徐州市": [117.284124, 34.205768],

    "常州市": [119.973987, 31.810689],

    "苏州市": [120.58531, 31.298886],

    "南通市": [120.894291, 31.980172],

    "连云港市": [119.221611, 34.596653],

    "淮安市": [119.015333, 33.610353],

    "盐城市": [120.16356, 33.34738],

    "扬州市": [119.412966, 32.39421],

    "镇江市": [119.425836, 32.187849],

    "泰州市": [119.923441, 32.455511],

    "宿迁市": [118.275162, 33.963008],

    "杭州市": [120.15507, 30.274084],

    "宁波市": [121.550357, 29.874556],

    "温州市": [120.699367, 27.994267],

    "嘉兴市": [120.755486, 30.746129],

    "湖州市": [120.086823, 30.894348],

    "绍兴市": [120.580232, 29.995632],

    "金华市": [119.64744, 29.079059],

    "衢州市": [118.859457, 28.970079],

    "舟山市": [122.206654, 29.985295],

    "台州市": [121.420757, 28.656386],

    "丽水市": [119.923252, 28.46763],

    "合肥市": [117.227239, 31.820586],

    "芜湖市": [118.376181, 31.326223],

    "蚌埠市": [117.388716, 32.916287],

    "淮南市": [116.999933, 32.625478],

    "马鞍山市": [118.506253, 31.67004],

    "淮北市": [116.798165, 33.955844],

    "铜陵市": [117.81154, 30.945515],

    "安庆市": [117.06362, 30.543286],

    "黄山市": [118.337483, 29.714663],

    "滁州市": [118.317425, 32.300268],

    "阜阳市": [115.814205, 32.890124],

    "宿州市": [116.968727, 33.63778],

    "六安市": [116.511353, 31.758737],

    "亳州市": [115.779188, 33.826385],

    "池州市": [117.491568, 30.664798],

    "宣城市": [118.758801, 30.945659],

    "福州市": [119.296531, 26.074508],

    "厦门市": [118.089425, 24.479833],

    "莆田市": [119.007777, 25.454085],

    "三明市": [117.635001, 26.265444],

    "泉州市": [118.675676, 24.873307],

    "漳州市": [117.647148, 24.513238],

    "南平市": [118.177709, 26.64177],

    "龙岩市": [117.02978, 25.091603],

    "宁德市": [119.547933, 26.665617],

    "南昌市": [115.854691, 28.683258],

    "景德镇市": [117.178269, 29.268945],

    "萍乡市": [113.852186, 27.622946],

    "九江市": [116.001951, 29.705103],

    "新余市": [114.917468, 27.8171],

    "鹰潭市": [117.068226, 28.271838],

    "赣州市": [114.934753, 25.831829],

    "吉安市": [114.994095, 27.108836],

    "宜春市": [114.416772, 27.815763],

    "抚州市": [116.358351, 27.98385],

    "上饶市": [117.943217, 28.454795],

    "济南市": [117.020359, 36.66853],

    "青岛市": [120.38261, 36.067108],

    "淄博市": [118.053145, 36.813897],

    "枣庄市": [117.323725, 34.810488],

    "东营市": [118.674767, 37.434093],

    "烟台市": [121.447935, 37.463822],

    "潍坊市": [119.161756, 36.706774],

    "济宁市": [116.587532, 35.414837],

    "泰安市": [117.0876, 36.200058],

    "威海市": [122.12042, 37.513068],

    "日照市": [119.526888, 35.416377],

    "临沂市": [118.356414, 35.103771],

    "德州市": [116.357464, 37.434093],

    "聊城市": [115.985361, 36.456663],

    "滨州市": [117.970147, 37.38199],

    "菏泽市": [115.480656, 35.23375],

    "郑州市": [113.625368, 34.7466],

    "开封市": [114.307667, 34.798663],

    "洛阳市": [112.454045, 34.619682],

    "平顶山市": [113.192814, 33.766184],

    "安阳市": [114.392437, 36.095762],

    "鹤壁市": [114.297274, 35.748236],

    "新乡市": [113.92679, 35.303643],

    "焦作市": [113.241823, 35.215893],

    "濮阳市": [115.029196, 35.761893],

    "许昌市": [113.85264, 34.035369],

    "漯河市": [114.016498, 33.58048],

    "三门峡市": [111.200227, 34.772709],

    "南阳市": [112.528319, 32.99077],

    "商丘市": [115.65637, 34.415156],

    "信阳市": [114.091393, 32.14701],

    "周口市": [114.696479, 33.626158],

    "驻马店市": [114.026405, 32.978326],

    "济源市": [112.602074, 35.0672],

    "武汉市": [114.305393, 30.593099],

    "黄石市": [115.03852, 30.19965],

    "十堰市": [110.799326, 32.629287],

    "宜昌市": [111.286471, 30.691967],

    "襄阳市": [112.122514, 32.008185],

    "鄂州市": [114.890593, 30.396536],

    "荆门市": [112.201335, 31.03542],

    "孝感市": [113.955619, 30.928423],

    "荆州市": [112.239741, 30.335165],

    "黄冈市": [114.872621, 30.453706],

    "咸宁市": [114.322492, 29.841443],

    "随州市": [113.382643, 31.690408],

    "恩施土家族苗族自治州": [109.48699, 30.27315],

    "仙桃市": [113.443961, 30.364953],

    "潜江市": [112.896866, 30.421215],

    "天门市": [113.165862, 30.653061],

    "神农架林区": [110.671525, 31.744449],

    "长沙市": [112.938814, 28.228209],

    "株洲市": [113.133855, 27.827969],

    "湘潭市": [112.944058, 27.82973],

    "衡阳市": [112.572528, 26.894664],

    "邵阳市": [111.46923, 27.237842],

    "岳阳市": [113.128943, 29.356721],

    "常德市": [111.698714, 29.031577],

    "张家界市": [110.479191, 29.117096],

    "益阳市": [112.355042, 28.55409],

    "郴州市": [113.014455, 25.770535],

    "永州市": [111.613444, 26.419632],

    "怀化市": [110.001677, 27.570167],

    "娄底市": [112.008497, 27.70013],

    "湘西土家族苗族自治州": [109.739735, 28.314296],

    "广州市": [113.264434, 23.129162],

    "韶关市": [113.597521, 24.811552],

    "深圳市": [114.057868, 22.543099],

    "珠海市": [113.576726, 22.270715],

    "汕头市": [116.681972, 23.354091],

    "佛山市": [113.121441, 23.021548],

    "江门市": [113.081617, 22.578896],

    "湛江市": [110.359377, 21.270744],

    "茂名市": [110.925456, 21.662999],

    "肇庆市": [112.46509, 23.047191],

    "惠州市": [114.416196, 23.111847],

    "梅州市": [116.125777, 24.288578],

    "汕尾市": [115.375279, 22.786211],

    "河源市": [114.700335, 23.743193],

    "阳江市": [111.982697, 21.857415],